<RELATORIO>
	<Maquina>
		<ID>1</ID>
		<ESTADO>ON</ESTADO>
	</Maquina>
	<Maquina>
		<ID>2</ID>
		<ESTADO>ON</ESTADO>
	</Maquina>
	<Maquina>
		<ID>3</ID>
		<ESTADO>ON</ESTADO>
	</Maquina>
	<Maquina>
		<ID>4</ID>
		<ESTADO>ON</ESTADO>
	</Maquina>
	<Maquina>
		<ID>5</ID>
		<ESTADO>ON</ESTADO>
	</Maquina>
	<Maquina>
		<ID>6</ID>
		<ESTADO>ON</ESTADO>
	</Maquina>
	<Maquina>
		<ID>7</ID>
		<ESTADO>ON</ESTADO>
	</Maquina>
	<Maquina>
		<ID>8</ID>
		<ESTADO>ON</ESTADO>
	</Maquina>
	<Maquina>
		<ID>9</ID>
		<ESTADO>ON</ESTADO>
	</Maquina>
</RELATORIO>
